id,user,date,timestamp,commentText,likes,hasReplies,numberOfReplies,replies.id,replies.user,replies.date,replies.timestamp,replies.commentText,replies.likes
z13mtlyhnwi1v5mai04cdxrg0tncgtdi4qw0k,Captain Cuddles,1 hour ago,1462558977919,"I can see Krillin being Goku's assistant on the operating table like: Goku: ""Hammer."" Krillin: Hammer. Goku: Saw. Krillin: Saw. Goku : Sponge. Krillin Sponge. Goku: Senzu bean. Krillin: Senzu bean. Krillin: Senzu bean? Goku: Senzu bean. Krillin: Senzu bean!!! The guy comes out with hammer and saw hands with the radio as his new heart. Goku just made a new Android. Meanwhile. you can hear Vegeta screaming in the background.",0,false,0,,,,,,
z13wh1khzw3etjjoh04chf5i5yuifv5okw40k,Son Goku God of destrution,2 hours ago,1462558977920,this made my day,0,false,0,,,,,,
z13ohneronjvh3ah304chrtbpuncxxmqbbs,Eric D.,2 hours ago,1462558977921,I love how Gohan just wants to see how Goku will fail at this!,0,false,0,,,,,,
z13ienopvtz0d3u1b22gxn1xmsnxjbrna,Michael Rose,2 hours ago,1462558977921,Not really digging the Goku's gonna show you...,0,false,0,,,,,,
z12igtqzjl2ehh3il04cdjhyzqeisz3qr4g,keny 19,2 hours ago,1462558977922,the funny thing is that there's actually a doctor goku,0,false,0,,,,,,
z12qsxvx1mjxc33dd23oidcgopmesd25304,Ashley Cross,2 hours ago,1462558977923,"Gohan is kind of a dick, no wonder Goku is never around.",0,true,3,,,,,,
,,,,,,,,z12qsxvx1mjxc33dd23oidcgopmesd25304.1462551542064125,Kyotis Nigel,2 hours ago,1462558978229,"+Ashley Cross No, Gohan is kind of a dick BECAUSE Goku is never around.",0
,,,,,,,,z12qsxvx1mjxc33dd23oidcgopmesd25304.1462552523784304,Ashley Cross,1 hour ago,1462558978230,+Kyotis Nigel And so the cycle continues.,0
,,,,,,,,z12qsxvx1mjxc33dd23oidcgopmesd25304.1462553808308238,Kyotis Nigel,1 hour ago,1462558978231,"+Ashley Cross Plus, with Goku gone all the time, Piccolo has become Gohan's role model. Piccolo. ...PICCOLO!",0
z133yvjgnoqiyrios04cedkz2oemtnz4qvo0k,kevin parmar,2 hours ago,1462558977924,that mafia impression ðŸ˜‚ðŸ˜‚ðŸ‘,0,false,0,,,,,,
z13tydua5qyicdibi04cedkz2oemtnz4qvo0k,kevin parmar,2 hours ago,1462558977925,that mafia impression ðŸ˜‚ðŸ˜‚ðŸ‘,0,false,0,,,,,,
z13zttbxwmqgglacx23uuxcovxqlg3srh04,J0K3R-GaM35,2 hours ago,1462558977927,"""and i want you to be a better father, we cant always get what we want"" OOHH Gohan needs to supply his father Ice, cause goku just got burnt",0,false,0,,,,,,
z13yfttbwsnrijjkl23ii1lzdkz2xr50m,QazaRaspel,3 hours ago,1462558977928,So Goku is a doctor? Somebody better collect the dragonballs for this trainwreck.,0,false,0,,,,,,
z13li3rglsbrizcmd22bft0r2n3huhgbj04,Itwasmedio,3 hours ago,1462558977929,gohan sass levels: super saiyan,0,false,0,,,,,,
z13bxlfoqzmfsbkav04cfr0oqqa2clqhd3o,Lee Langford,3 hours ago,1462558977930,I don't think chi chi drink the orange soda because it wasn't team for star soda,0,false,0,,,,,,
z12etftw1v3cedoab04cfhwbizmodhcg5e4,Robert Bushers,3 hours ago,1462558977930,you guys should do RFL QWOP,0,false,0,,,,,,
z12esfk4avjkxxau223rdftpgymjxveys04,XxExtremeSamX,4 hours ago,1462558977933,2:44 sorry had to do it.... BOOOOOOOOOOOOOOONE SAW IS READY!!!,0,false,0,,,,,,
z12cctmhfon3dt0q104cgdpatxyvgbwyego,Gabby Reed,4 hours ago,1462558977934,"Gohan: And I wish I could have a better father, but we don't always get what we want do we?",0,false,0,,,,,,
z125xr1i5xyhythcd23itrbqgrzjy3yjs04,AfkGamer - Gaming n' Stuff,4 hours ago,1462558977936,"Aw yeah, Surgeon Stimulator!! S-Simulator... Surgeon Simulator...",0,false,0,,,,,,
z13vtpeaqtm2u52b404cjtiplxinuzewfi0,Duke Spubber,4 hours ago,1462558977936,"Blackjack? Steven Strange? Nah, they pale in comparison to DOCTOR GOKU!!",0,false,0,,,,,,
z12zjr5rvrm5e5j0h22xel4wyqffexxmj,TheCrazyFereldan,4 hours ago,1462558977937,"I gotta ask, is Goku British in the DBZA universe? Are Saiyans British? Was planet Vegeta Space Britain?",0,false,0,,,,,,
z12fixfzmsenyxt1q22rfrcgbvn0zpgiu04,Jake Cerra,4 hours ago,1462558977938,"As much as I love this series, I can't watch this one. Much like Goku, I have a phobia of opening up the human body cavity and examining its contents. I liked the beginning with Gohan just being brutal as hell, but the second the bonesaw came out I had to stop. Sorry, MasakoX.",0,false,0,,,,,,
z13dedajwnmaxpymm22esrop4lajsx5s3,Zebefreo :D,4 hours ago,1462558977938,9:16 gygokus,0,false,0,,,,,,
z13szrpbjmy5f3qzg04cjphylx2fhv3wv0c,Riku Nurminen,4 hours ago,1462558977940,"Reads tittle Well, death count just went up.",0,false,0,,,,,,
z13uxniyllbkhvrhv04ccbfaqtbbwhxagy00k,coolguyman16,5 hours ago,1462558977941,Does anyone else think Goku is gonna show you seems a little forced?,1,true,1,,,,,,
,,,,,,,,z13uxniyllbkhvrhv04ccbfaqtbbwhxagy00k.1462541435901818,Volturm,4 hours ago,1462558978477,"+coolguyman16 Moreso than Renegade For Life and Two Sayian's play did. Also noticed something odd, MasakoX seems to be throwing a lot of lisp into Goku's and Gohan's voices which isn't present in DBZA making them sound different and weird. Dunno what's up with that. Unless it's just the cause of him doing the voices for a prolonged time instead of voicing a few lines.",0
z12as1eocrynf1c4304cifhxsme2cfy4px00k,Axel 98,5 hours ago,1462558977941,sturgeon simulator ðŸ˜‚ðŸ˜‚ðŸ˜‚ðŸ˜‚ðŸ˜‚,0,false,0,,,,,,
z12bg32opkiayxcrd04celdolnrxyjmqono0k,M.C Knight,5 hours ago,1462558977942,It would be funny if Goku and vegeta played some video games together ðŸ˜‚ðŸ˜‚,0,true,1,,,,,,
,,,,,,,,z12bg32opkiayxcrd04celdolnrxyjmqono0k.1462544379030250,vampireemo4ever,4 hours ago,1462558978764,i actually agree. hope we get to see it in the future. Especially with the raging games. and/or put those along with nappa in it. and see what crazy thing they can think of.,0
z13kwtq4fqm3svmr104cjpcw1oyesribsfg,goldhundi,5 hours ago,1462558977943,"Oh god, agreeing with everyone who wants see a Gohan plays. But Goku playing Surgeon Simulator was great!! xD Poor Chichi though...",0,false,0,,,,,,
z12ljdybnmzbxlmd0224jtrguujyx3fz004,â€«××•×¨ ×“×“×•×Ÿâ€¬â€Ž,6 hours ago,1462558977943,Goku is afraid of needles :C,0,false,0,,,,,,
z121yduhsknzhxvcv23xdxboxsetyb401,ZoanBlade90,6 hours ago,1462558977944,"0:30 Meanwhile, a chill goes down Vegeta's spine, and he doesn't know why...",0,false,0,,,,,,
z13xev5xcsefet0jl04cjz1ailmmszzwfzc0k,Super Kami Guru,6 hours ago,1462558977944,Is Fiery Hammers a thing? I need answers!,0,false,0,,,,,,
z13rt5hhrlztsj4gt04ch5cgasuwtxnienk0k,JackZake64,6 hours ago,1462558977945,"Surprised that Goku fainted in the beginning. I mean, he did plow through King Piccolo's chest when he was a kid.",1,true,2,,,,,,
,,,,,,,,z13rt5hhrlztsj4gt04ch5cgasuwtxnienk0k.1462545356590973,jpifer 17,3 hours ago,1462558979062,"+JackZake64 to be fair, I think his eyes were closed. He's probably more used to his enemies disintegrating.",0
,,,,,,,,z13rt5hhrlztsj4gt04ch5cgasuwtxnienk0k.1462547133160192,Detona Tesoni,3 hours ago,1462558979063,+JackZake64 But King Piccolo didn't have any organs. Just fleshy bits.,0
z13pjdzzqsu1sfsnn23zsdnogoqbzz2zu04,Super Kami Guru,6 hours ago,1462558977946,Goku will always be the last thing you see. Including his hand now,0,false,0,,,,,,
z12ujxvp0tbnihmv3232h3arnzj0ed4gy04,DSx369,6 hours ago,1462558977947,Only 29 likes in 11 hours 2K likes in 11hours,0,false,0,,,,,,
z132xldxfp3tgnqmj22ahl1goo2zcbjky,Toby Got Bored,6 hours ago,1462558977947,make goku play Skyrim,0,false,0,,,,,,
z12gsph5msetf5guo23hffzb4ye1cpnmm,MegaDragoz,6 hours ago,1462558977948,It'd be cool to see Gohan play some games. Especially ones that require being smart.,1,true,1,,,,,,
,,,,,,,,z12gsph5msetf5guo23hffzb4ye1cpnmm.1462551643851672,Kyotis Nigel,2 hours ago,1462558979310,+MegaDragoz Gohan is Gonna Show You!,0
z120ivepjzr1hpqfq23tg1argqupyvih404,Jeremy Kaston,6 hours ago,1462558977949,play the VR version,0,false,0,,,,,,
z12chn04ekyazfimm22js5ggtkv5tvfea,Vendus,7 hours ago,1462558977949,Doctor Shenron knows best xD,1,false,0,,,,,,
z13yt52j2xr5ij4ay04cjhfy2saxf31jri4,Judge Eternus,7 hours ago,1462558977950,I JUST said the other day that Goku should play Surgeon Simulator! And look what he played! XD,0,false,0,,,,,,
z12iizjguyuojtyv522whzogfw3gy1ieh,Fan of Most Everything,7 hours ago,1462558977951,Wow. That got kind of Giygas-y at the end there.,0,false,0,,,,,,
z13dz3yooreow1tkh23pjtqi4s31cpotb,Pippi Pig,7 hours ago,1462558977951,Have gohan play cod or gta. But have it to were when he first statt hes acting innocent then gets scared by the violence or the people talking and goes boss mode and recks them.,0,false,0,,,,,,
z13qclnwcsevgzsmc23ay1dxvsytwvq0h,William Block,7 hours ago,1462558977952,1:12 y u flick meh off?!,0,false,0,,,,,,
z13zch1zis2hzbn4g04cjtvqmymffhxbka0,J0ECRAWF15H,8 hours ago,1462558977953,"There's your every day, run of the mill stupid, and then there's ""Dr. Goku"". XD",1,false,0,,,,,,
z13rvdcwvsyrwn44h04cizv4srefirkic0s,Poipoigirl,8 hours ago (edited),1462558977953,All Dr. Goku's patients are going to die,0,false,0,,,,,,
z12kzt1yjpecdpmfi22mwhuihtazw5wtr,Shadoan18,8 hours ago,1462558977954,"Would like to see Gohan try mystery Games like ""The Consuming Shadow."" That or have Krillin and Goku play a video game together.... Well, sort of; I mean, the characters in the manga and anime - they're good friends, they could try playing a game together... Rip off Two Sayians Play and have Vegeatea come inm and crash the party.",0,false,0,,,,,,
z13qejorfm2ts511i22khzmh5uzduhjlj,SixxStudio Bass,9 hours ago,1462558977955,love that gohan has more commentary now lmao,0,false,0,,,,,,
z121epp5vnnqjtvv522puzdowuycenby204,Justin Kalman,9 hours ago,1462558977956,I LOVE the idea that whenever he isn't speaking? Gohan is just staring. Just wordlessly drilling into everything his father says. Wonder how the f*ck HE came into being.,0,true,1,,,,,,
,,,,,,,,z121epp5vnnqjtvv522puzdowuycenby204.1462553435201527,Dadycoool,1 hour ago,1462558979556,"+Justin Kalman He should probably stop watching his father play video games. His brains will start leaking out of his ears soon. Also, Chi-Chi probably did most of the work.",0
z13xzzdojz2cux1ht04ccdcoqz3wjpyxifg,asilva5021,9 hours ago,1462558977957,Goku plays the Godfather,0,false,0,,,,,,
z13bcnzauvj0erxi304cfbqjeub2hh3z5wc0k,Pestilent Defiler,9 hours ago,1462558977957,Goku and Vegeta play Street Fighter 5 should be fun.,1,false,0,,,,,,
z12furibrwz0zvnqn04cif2pmufch3gydsc0k,Awesome Dakka,9 hours ago,1462558977958,"Goku's the last person who should be making sense-based puns. He's also the last person I'd expect any hospital to allow to become a Surgeon. Even then, they wouldn't let him.",0,false,0,,,,,,
z13hvxgxiy3ysj2lc220znehelilgxrtv,TheLunarLegend,9 hours ago,1462558977958,... I think I'll just live with my cough. I'm good.,0,false,0,,,,,,
z12le3hbrrv3jjskv23jy1dwnnf2ivtfn,.Random Brothers,9 hours ago,1462558977959,Am I the only one who wants to see gohan play games,0,false,0,,,,,,
z13kcl0h3qbuedeos04cibkbjzfiv5mwars0k,Round2Sucker,9 hours ago,1462558977960,0:45 your British is showing.,0,false,0,,,,,,
z13eh1jqumvie5nzf04ccnmh3s20hzooj3s,Yang Xiao Long,9 hours ago,1462558981726,Goku maybe you just stick to beating up people.,0,false,0,,,,,,
z12txfdgylbmgdftt22ivlpzftaayrgzc04,predalien1413,10 hours ago,1462558981727,"Now all we need is a Vegeta proctologist simulator then we will be pretty ace, oh also a Piccolo attorney simulator.",0,true,1,,,,,,
,,,,,,,,z12txfdgylbmgdftt22ivlpzftaayrgzc04.1462532028671235,Liam James,7 hours ago,1462558982009,That reference doe,1
z13mhx3xxzjguheq404ccrabhrivy52icis,those2vgplayers,10 hours ago,1462558981728,Watching this while being sick. I need dr goku,0,false,0,,,,,,
z12zwvhohqrsj3kjh04cfdupvlekgjegqv40k,Victor Evans,10 hours ago,1462558981728,I think its great he got an achievement for putting the extra heart in,0,false,0,,,,,,
z12diduyzluwtja5404cfp0zyw35h3hhqic,silverangelics,10 hours ago,1462558981729,I feel like the only way this could be more hilarious was if Goku suddenly became fucking amazing at the game after he drugged himself. Gohan's reaction would be great.,0,false,0,,,,,,
z12osrd5jzuqgff5s04cf3gyslnrxnkj2gw,damen kudo,10 hours ago,1462558981729,krillin runs in sensubean!,0,false,0,,,,,,
z12yy5vwtpicxtfvu23mxzv4bvayjde4m04,Gareth Evans,10 hours ago,1462558981730,Apparently if Surgeons advance far enough in their career they become Mister (or Miss/Mrs/Ms). I'm not sure why.,0,false,0,,,,,,
z13odhogpzbiezcpx04cctgp2uzrydshvyo0k,Rose EnderstrikeWolf,11 hours ago,1462558981731,"That Mafia impression though OH GOD, DON'T EAT THE LUNG GOKU GODDAMNIT",0,false,0,,,,,,
z125d3wxlviodjeuj23dex25lwbct5oms,22kingdomheartsfan,12 hours ago,1462558981731,Oh that was amazing! I can't get enough of Goku playing games!,0,false,0,,,,,,
z122ghbpcpqjxrvbi04cg5wyjtjaxtd4wec,Liz Maria,12 hours ago,1462558981732,Omg i love this XD,0,false,0,,,,,,
z13kffoagwbsdprle225fjnynxijdromi,Sonicshadowfusion,12 hours ago,1462558981732,How about you guys let goku play sonic Colours. there is a world made out of food there~,2,false,0,,,,,,
z12qwhexqpvgtj1pe04cfvsbgv2suvap55s,Tet Hotarubi,12 hours ago,1462558981733,Wait... Goku Has A Fear Of Needles...,0,false,0,,,,,,
z13mfbhqppfqebdn323td5wyytr4t1k0n,The Zerukin,12 hours ago (edited),1462558981733,Amazed they didn't crack a joke of Goku being afraid of needles. gets to 7:35 Oh. Nevermind!,0,false,0,,,,,,
z13cu1kbeluevl3ii04cczsolu2syljqgco,Adrian Nightshade,12 hours ago (edited),1462558981734,who lovess orange soda?,0,false,0,,,,,,
z12ngjtyznqvzhkuo22bzrbhatqetjiep,Andrew Spence,12 hours ago,1462558981734,And I was expecting goku to say mmmmmmm ribs XD,1,false,0,,,,,,
z12rhjwacrq3jbwcu22aznbbvr3jfffjp04,A Yandere Pegasister,12 hours ago,1462558981735,That what happens when Goku went on drugs 8:15-9:26,1,false,0,,,,,,
z13ewjya5ofpjjnns22kujbqgzqlyjrp304,brokenrhyme,12 hours ago,1462558981736,Dearest God in Heaven! WTH?!,0,false,0,,,,,,
z12gituzwxvrtvl4404cgbrxoyviw3pjko00k,Harvey DoesEverything,12 hours ago,1462558981736,1:09 I GASPED FUCKING R O A S T E D,0,false,0,,,,,,
z13mibz40szfwhcnz22euhk5kpj4cz3dx,The Dood,13 hours ago,1462558981764,"So, how many times did Goku summon Porunga to revive ""Chi-Chi""?",0,false,0,,,,,,
z132fr2q1vmjgbf2t23ig1fo2yinvvzba04,Luna CrystalWolf45,13 hours ago,1462558981765,"Gohan: And I want you to be a better father, but we don't always get what we want.",1,true,1,,,,,,
,,,,,,,,z132fr2q1vmjgbf2t23ig1fo2yinvvzba04.1462515263960910,22kingdomheartsfan,12 hours ago,1462558982224,+Luna CrystalWolf45 Goku flips off Gohan,1
z12cjlvxpxe0g3m3022nvb3rrsb2e3bgv04,Unspherdcomb6,13 hours ago,1462558981765,Gohan seems to never age and goku seems to never get older either hmmmm....,0,false,0,,,,,,
z13wjzzb5ky1fpsa404cf3iajr2xfvfraec,dominick armstrong,13 hours ago,1462558981766,XD this is funny,0,false,0,,,,,,
z131jfewevzijrj2a230vjeo0vfwghasz,dragnet53,13 hours ago,1462558981768,This game sucks. lol,0,false,0,,,,,,
z12kgr2ywzustdco204cfj2h1y2avlroseo,Kbot 12,13 hours ago,1462558981768,Gokus gonna drill Chi Chi?,0,false,0,,,,,,
z12vxhqyft2thv30r235sxspatn1cto0k,Luckygirl,13 hours ago,1462558981769,And that's how....wait I already made this joke with Vegeta. Darn.,0,false,0,,,,,,
z13ednnx0ljbghbvl23hc5ng3uuasxai304,Tristen Howard,13 hours ago,1462558981769,My drill is the drill that will pierce your soul,0,false,0,,,,,,
z122jzoo2lejsdmto23xjffzlqrfcr3t3,Floyd Broussard,13 hours ago,1462558981770,"i love how they make the main character, of the show of my time, a mental retard",0,true,3,,,,,,
,,,,,,,,z122jzoo2lejsdmto23xjffzlqrfcr3t3.1462513905074605,Meshifuari Arimota,12 hours ago,1462558982474,Well.... at least it's not Goku from Dragon ball Evolution,0
,,,,,,,,z122jzoo2lejsdmto23xjffzlqrfcr3t3.1462514192836727,ThisName DoesntMatter,12 hours ago (edited),1462558982476,Simpleton* there's a difference.,0
,,,,,,,,z122jzoo2lejsdmto23xjffzlqrfcr3t3.1462539981845890,Floyd Broussard,5 hours ago,1462558982477,+ThisName DoesntMatter HA,0
z13ffta4lpqvijjih04cj1vahzbrghgrmsk0k,Zachary Gearhart,13 hours ago,1462558981770,can goku show us bioshock,0,false,0,,,,,,
z12ai5dblordypord04cifvqxzauc1x5kec,ZenRules,14 hours ago,1462558981771,goku is gonna show you impossible quiz,0,true,1,,,,,,
,,,,,,,,z12ai5dblordypord04cifvqxzauc1x5kec.1462540720328978,Alexano Boanerger,5 hours ago,1462558982731,+ZenRules Hmm. Which would be better. Vegeta or Goku?,0
z124fv5r2r2zfluuv23vzxezhkrvgv0ne,Cardgames4ever,14 hours ago,1462558981772,There is a Doctor Goku animation series in MÃ©xico,11,true,2,,,,,,
,,,,,,,,z124fv5r2r2zfluuv23vzxezhkrvgv0ne.1462545953566666,Slash Ser,3 hours ago,1462558982942,I came to say that exact thing haha...,0
,,,,,,,,z124fv5r2r2zfluuv23vzxezhkrvgv0ne.1462549126790700,Shelton Pires Pires,2 hours ago,1462558982943,lol true,0
z12hyjkoetqdyjumu23qhnpyql3zh33uq,WAG Jyaku,14 hours ago,1462558981773,Just imagining Masako recording these doing both voices is so funny,0,false,0,,,,,,
z13rdxwiexmgxz3th22lzjei2ryof1a4v04,D'andre,14 hours ago,1462558981773,Goku...just stick with dragon balls ok,1,true,1,,,,,,
,,,,,,,,z13rdxwiexmgxz3th22lzjei2ryof1a4v04.1462509728649180,PivtWolf,13 hours ago,1462558983200,"Yes, stick those dragon balls in there and she'll be good as new",0
z12eivr4erj2jfjnl234ijpwryjguxhh204,Kbennett 365,14 hours ago,1462558981773,Gooood........ Dammit............ Goku...........,0,false,0,,,,,,
z13nvvuqvprkxntqw04cj5qpvzzjvtnasnw0k,Son Gohan,14 hours ago,1462558981774,Really dad,0,false,0,,,,,,
z122h5coctipuxyog04ci1bawsblsr2imrk0k,Adaptive Savage,14 hours ago,1462558981774,just get krillin aka Dr senzu bean and chi chi will be fine,1,false,0,,,,,,
z13svpwg5x3yfxqmn22wcbfoqtmyxddjr04,Bobby Rare,14 hours ago,1462558981775,Gather the dragon balls and wish for a new chi chi.. again,0,false,0,,,,,,
z123irxzokf5xrahl04cjvax2rj4uxehfbo,Gerald Kamp,14 hours ago,1462558981776,Goku and Vegeta Gonna Show You...The Sims. Not sure why i want to see that but i do.,2,false,0,,,,,,
z12jzxdyuunvidea304ccxlyovqrht4xqks0k,Ningee,14 hours ago,1462558981776,"Vegeta and Goku should try to play ""Keep Talking and Nobody explodes"" together. I think that one would be great.",12,true,3,,,,,,
,,,,,,,,z12jzxdyuunvidea304ccxlyovqrht4xqks0k.1462515551545815,AnchorArm,12 hours ago,1462558983454,"Yes, yes, and yes",0
,,,,,,,,z12jzxdyuunvidea304ccxlyovqrht4xqks0k.1462515630043397,AnchorArm,12 hours ago,1462558983455,That could actually happen! They don't need to be in the same part of the world to play!,0
,,,,,,,,z12jzxdyuunvidea304ccxlyovqrht4xqks0k.1462533379509936,Dylansgames,7 hours ago,1462558983456,"vegeta"" ok click the button"" goku: are you sure best buddy? the button says detonate.....that sounds scary"" vegeta:.....""yes press the button right now, it'll uhhh...give you muffins!"" goku: muffin! clicks button and explodes vegeta: evil laughter goku: that wasn't very nice best buddy.........",0
z12jw5tbvv3rytcec23gybbjapjfztzat04,Rob Rob,14 hours ago,1462558981777,who else watched this and was like its the thought that counts,0,false,0,,,,,,
z125fhb4dmjrxxuwb04cexmpbujrh1k5t3c,Tyler Ritchie,14 hours ago,1462558981777,i love the doctor who achievement.,0,false,0,,,,,,
z12jgpmp3tbayb5ie04cdtvwrt2sd1aqj0k,dudebladeX,14 hours ago,1462558981777,"I kinda want to see a playthrough of Injustice, so Goku can then say ""Oh, hey Superman! I fought him twice... I died those times."" Same reason I want to see Vegeta play a Sonic game that has Shadow in it. I want to hear him say ""Didn't I already kill this guy?""",13,true,3,,,,,,
,,,,,,,,z12jgpmp3tbayb5ie04cdtvwrt2sd1aqj0k.1462515552056330,Dragon knigth omega,12 hours ago,1462558983746,Yes just yes.,0
,,,,,,,,z12jgpmp3tbayb5ie04cdtvwrt2sd1aqj0k.1462525408500744,Sylvester Bukhave EdstrÃ¶m,9 hours ago,1462558983746,This is too perfect,0
,,,,,,,,z12jgpmp3tbayb5ie04cdtvwrt2sd1aqj0k.1462527600645824,cykastudios advanced producer,8 hours ago,1462558983748,N O L I M I T S,0
z13wjzk45xbaebr2r23icxlj5qz2fh5tu,Timothy McLean,14 hours ago,1462558981778,I honestly expected more needley stuff.,0,false,0,,,,,,
z13lzb5pxwu2jzofp23ajhwwbpbfg5gfy,asmcint,14 hours ago,1462558981779,I wanna know how Goku can think anyone doesn't need ribs after Raditz had previously broken so many of them. Surely his memory isn't so foggy as to forget the fight that spawned his inaugural death.,0,true,1,,,,,,
,,,,,,,,z13lzb5pxwu2jzofp23ajhwwbpbfg5gfy.1462533538095962,Dylansgames,7 hours ago,1462558983970,"maybe this was before raditz? I think that these all take place at different times, some might take place in the hyperactive slime maimer, another night take place after freezer, ect.",0
z130vl0jjpe3tnchz04citozkoz0wlyjrss0k,l3loodknight,14 hours ago (edited),1462558981780,I will admit i was a little hesitant to watch Goku play doctor. Next we should see how he cleans up blood in Viscera Cleanup Detail!,0,false,0,,,,,,
z13dwbc4kxzdetoue23ajvc4byiadxxol04,animegx45,14 hours ago,1462558981781,It occurs to me that Gohan is a bit of an asshole.,0,false,0,,,,,,
z12dfv1aaxamglrto23ucvqqrnbed1xvi,Green Shadow2001,14 hours ago,1462558981781,goku plays 60 seconds,0,false,0,,,,,,
z12mddnrjpydxbfms22mitwourfiw1fyw04,Blight Films,14 hours ago,1462558981782,Hi.,0,false,0,,,,,,
z13su5eg3tjdhpn0s231djqhxsn2u515a04,Dylan Punter,15 hours ago,1462558981782,... did Goku do BETTER than Vegeta on the death counter? HOW!!?,0,true,1,,,,,,
,,,,,,,,z13su5eg3tjdhpn0s231djqhxsn2u515a04.1462530672390496,Dark Stalker,7 hours ago,1462558984197,His father was a great scientists.,0
z12hglwzdobktzqbq04cghtwywaxcjdjuws0k,Arturo RamÃ­rez,15 hours ago,1462558981783,"There actually used to exist a show named ""Dr.Goku's Show"" (Originaly ""el show del Dr.Goku) in the Hispanic side of youtube.",2,true,1,,,,,,
,,,,,,,,z12hglwzdobktzqbq04cghtwywaxcjdjuws0k.1462505566766688,raul macias,14 hours ago,1462558984402,Yeah that's what I was gonna say lol,0
z13uglhyyrvetd04p04cepm4hmnoc3fh4oo0k,freddo rictus,15 hours ago,1462558985802,I like this video,0,false,0,,,,,,
z12hvdwjdmbddzqtk232jdbxnwqpjr4bv04,Dynn The Innkeeper,15 hours ago,1462558985803,that mafia impression killed me.,0,false,0,,,,,,
z12jtzmxntfsxxokf23wd1tymvbwtdrqw04,Michael Roitero,15 hours ago,1462558985804,Wheres dbz abridged? You guys missed like 3 months!!,0,true,1,,,,,,
,,,,,,,,z12jtzmxntfsxxokf23wd1tymvbwtdrqw04.1462504454475126,Jaden Curtis,15 hours ago,1462558986041,DATA NOT FOUND,0
z12vejaymlicwdlwq04cfjzaarqqebhzzq40k,NecroMaster X,15 hours ago,1462558985805,Oh god... just imagine if Goku had to perform BRAIN SURGERY on Chi-Chi. ..... ....ohdeargod...,2,true,1,,,,,,
,,,,,,,,z12vejaymlicwdlwq04cfjzaarqqebhzzq40k.1462513190824517,Paul Schadow,12 hours ago,1462558986400,"Imagine him performing ANY kind of surgery... Yep, never going to the hospital again.",0
z134sfaaluyuxn5vl22jdt4rkkrgjto1n,Naku Mun,15 hours ago,1462558985806,How does Goku know what a millimeter is?!,0,false,0,,,,,,
z13au50wdvvvyd0h404cglii3yrhyfngq4g,Shiny Salamandre,15 hours ago,1462558985806,I need a fanart of Mafia!Goku now,0,false,0,,,,,,
z12uux2yvnjwxj1bf04citwxqt3su1owxsc0k,kakarotteno,15 hours ago,1462558985807,In Mexico Dr. Goku is actually a thing.,0,false,0,,,,,,
z13zznsgkyjlthtxi04cjrbgsvbczzzpjo00k,/a/ Sings Punished Roy,15 hours ago,1462558985808,"There is a Mexican Parody called Doctor Goku, actually.",1,false,0,,,,,,
z13bf3wp5rzve5eej23zybyodpi2tbelh,alan ernesto morales esquer,15 hours ago,1462558985808,Amm mm doctor goku is already a thing :/ he has a mustache Seriously im not joking xD look it up,0,false,0,,,,,,
z13osfk5jtvrhnyta22rjnwqopntybcgs04,Giselle2371,15 hours ago (edited),1462558985809,"Bardock will be so proud of Goku in his few mistakes in the surgery. After all, (His father was a brilliant scientist) or Surgeon xD",0,false,0,,,,,,
z123zz1r3oy0zle4w04cjrtwyrv1g3ww25k,HeWhoWatchesYouShower,15 hours ago,1462558985810,How many times were the dragon balls used for this video? That's a complete misuse of their power Goku.,0,true,1,,,,,,
,,,,,,,,z123zz1r3oy0zle4w04cjrtwyrv1g3ww25k.1462504417074966,legomaniac213,15 hours ago,1462558986626,+HeWhoWatchesYouShower Looks like Shenron is gonna get another restraining order for Christmas!,0
z13bstswttz0cmmskkmkuxcqpmvtgvmc1,Victoria Schmahl (butterangel90),15 hours ago,1462558985811,sometimes I feel bad for Gohan....,0,false,0,,,,,,
z12jw1phpzqje1weg230dp35juuswv4vw,Dave Asher,15 hours ago,1462558985812,"6:18 No ""well, it's time to get the dragon balls again"" joke there? ;D Disappointed.",1,true,1,,,,,,
,,,,,,,,z12jw1phpzqje1weg230dp35juuswv4vw.1462506896537999,Orchestra Of Ruin,14 hours ago,1462558986905,+Dave Asher It's the cell arc. There are no Dragon Balls.,4
z13oxfly4qigcx5xm04cdjurkvfge11pqp40k,Edgar Alejo,15 hours ago,1462558985812,"There's actually a series called Dr. Goku. It is in Spanish, the voice acting also resembles the official latin american dub.",1,false,0,,,,,,
z12gcpbwgp2kc1r3522qvjvxvrzpgjkbu04,galdaius107,15 hours ago,1462558985813,One of the best ones yet,0,false,0,,,,,,
z132x5nhjyr4wlrrn04cgxhi3rv0sd3z4c4,Luke Nunya,15 hours ago,1462558985814,I REALLY want a Gohan plays.,3,false,0,,,,,,
z12avnmbqnnyshrzr04cirwqnk3mifd4tvg0k,Rafael Musseb,15 hours ago,1462558985814,"For me, the funniest part is when Dr. Goku ""brutally murdered a patient in a mere 52.17 seconds.""",0,false,0,,,,,,
z13bjvkxwli5sbb0j22kuzrp2lmesfo5q04,Benjamin Ashley,15 hours ago,1462558985815,"2:20 ""Who know grabbing stuff would be this hard?"" Resisting urge to make joke",0,false,0,,,,,,
z13ozdej5yf2ihpi204ccxaxkwn4xzvxbt00k,Ashley The Blind Visionary,15 hours ago,1462558985816,"Goku, please never perform surgery on me",0,false,0,,,,,,
z130yp0ouujrw3unw23dgxipssithlir104,Dean Wynn,15 hours ago,1462558985816,This video proves that Chi-Chi is truly heartless ... and liverless.,23,true,3,,,,,,
,,,,,,,,z130yp0ouujrw3unw23dgxipssithlir104.1462523954483980,Yang Xiao Long,9 hours ago,1462558987309,And lifeless,2
,,,,,,,,z130yp0ouujrw3unw23dgxipssithlir104.1462532316142176,Harald Ulrichs,7 hours ago,1462558987309,And brainless,2
,,,,,,,,z130yp0ouujrw3unw23dgxipssithlir104.1462549143933069,ItsASquid,2 hours ago,1462558987310,"If its NS2 Combat, Goku gets to play as a class that centres around eating things :)",0
z13tcbjxmxfgsxxvs22gfhp5yx3qixdsp,Flashlight237,15 hours ago,1462558985817,"0:05 Uh-oh! Retard alert! Retard alert, class!",0,true,1,,,,,,
,,,,,,,,z13tcbjxmxfgsxxvs22gfhp5yx3qixdsp.1462510029067072,SuperHothead14,13 hours ago,1462558987550,Well you are an asshole,0
z13wvhf44xidj3b0z23qfv2jfm25hf4cb,Yontez Jarrell,16 hours ago,1462558985818,poor chi-chi,0,false,0,,,,,,
z130f5whgn3wcfbof04cjl4qfvmlgnaq23o,Zero,16 hours ago,1462558985818,Doctor Goku (super) - Rulo Barrera Mexico :V,0,false,0,,,,,,
z121drb5spfiwj4rg04cgrbpaxi0s345pj0,Goji73,16 hours ago,1462558985819,I thought Goku was terrified of needles...,4,true,2,,,,,,
,,,,,,,,z121drb5spfiwj4rg04cgrbpaxi0s345pj0.1462528607508024,Songoku,8 hours ago,1462558987803,AAAAAAAAAAA WHERE!!!!!!!!!,1
,,,,,,,,z121drb5spfiwj4rg04cgrbpaxi0s345pj0.1462543496183195,Xavier Paris (Servbot 42),4 hours ago,1462558987804,And hospital food.,0
z13gcrjjsmnhs124004cexvpusf5ejzxs5s,Nagi Kama,16 hours ago,1462558985820,Super sturgeon God super sturgeon,0,false,0,,,,,,
z13kdt3zlxrlcbvqb04cez1gsyictvcjs0s,Geoff B,16 hours ago,1462558985820,0:58 Hi Goku! :D,6,false,0,,,,,,
z12nhllqworcd3xq404cfdgi3pjldnzzmhs,David Dalziel,16 hours ago,1462558985821,"Next time, try Sensu Beans.",0,false,0,,,,,,
z12eshaonr3ycz0xc04cfnmqsmj1djigjvc0k,Adam Bass,16 hours ago,1462558985821,Wouldn't Goku be afraid of this game? It has needles.,0,false,0,,,,,,
z12qsnvgtljgijzjt04cjd4zjzjlsny4rpo0k,Jonathan Maki (XxAzureAganxX),16 hours ago,1462558985822,"15 seconds in. ""nearest and dearest?"" chi chi? BULLSHIT! that spots reserved for food and everyone knows it!",0,false,0,,,,,,
z134f3ipunvmvxmud23px3shns3uztzep,NodMan,16 hours ago,1462558985822,"Goku and Vegeta, Natural Selection 2 right meow...",15,true,3,,,,,,
,,,,,,,,z134f3ipunvmvxmud23px3shns3uztzep.1462500206377237,Riyo Uchiha,16 hours ago,1462558988072,Catgeta XD,0
,,,,,,,,z134f3ipunvmvxmud23px3shns3uztzep.1462504849880605,Dylan Punter,15 hours ago,1462558988073,"+Riyo Uchiha Catcatrot... seriously, Goku should play Catlateral Damage",0
,,,,,,,,z134f3ipunvmvxmud23px3shns3uztzep.1462505924613389,Timothy McLean,14 hours ago,1462558988074,+NodMan I think that their interactions with the green needles are natural selection enough.,0
z13hub0z5rbwxxpht04centb5lq5erlx3dc,Eduardo Martinez,16 hours ago,1462558985824,this is amazing,0,false,0,,,,,,
z13hjvd4tsusj53pe04chlfo3kvaj1ljerg0k,DeoxysChao,16 hours ago,1462558985824,Dr. Goku for the next DBZ fighting game!,0,false,0,,,,,,
z12ecl2ooriqz12mh23pht2gwmudy3g1a,hani rehmani,16 hours ago,1462558985825,i have that watch,0,false,0,,,,,,
z125glbyoq21yb3lx230z1q4imb4h55xz04,TPJ 15,16 hours ago,1462558985826,"chi chi.....only one word........""RUN""",0,false,0,,,,,,
z13vf3t5auvwgxwfq22ixv2poxvnfjgcs,MagnuMagnus,16 hours ago,1462558985826,Gohan becoming a doctor just got a lot more complicated.,6,false,0,,,,,,
z12pivcrcrywzny2k22iifdi3orfvzxkj,Sean P. Kelly,16 hours ago,1462558985827,"I like how there's a couple weird instances of British pronunciation. I mean, I guess it's not weird, but still interesting",0,false,0,,,,,,
z13txl4hqn3dfxtsy22zehvhvvrej15bq04,Liza & Tate,16 hours ago,1462558985828,died from drunk,0,false,0,,,,,,
z124htlxmmybihpoa04chzdoxsugsv0as50,game4brains ',16 hours ago,1462558985828,9:15 Â· You cannot grasp the true form of Doctor Goku's attack! Â· 134 damage to Krillin! Â· Gohan couldn't stop crying! Â· Vegeta felt a little strange! Â· Yamcha got hurt and collapsed...,0,false,0,,,,,,
z13tg5sqgvehg3aep23qf31ggwygu5a4404,Muhammad Umer,16 hours ago,1462558985829,how about you guys actually make the show vid instead of making this,0,true,1,,,,,,
,,,,,,,,z13tg5sqgvehg3aep23qf31ggwygu5a4404.1462503848531731,Nicholas Peterman,15 hours ago,1462558988294,+Muhammad Umer It's in editing. The voice actors have nothing to do.,0
z12isjlgfpm5jjfty23xfbajgmeaflo0c,Miyamoto Fan,16 hours ago,1462558985829,"This should be easy! His father was a brilliant scientist! Also, millimeters? I forgot Goku lives in England XD",18,true,3,,,,,,
,,,,,,,,z12isjlgfpm5jjfty23xfbajgmeaflo0c.1462500167755562,GameAndWatcher96,16 hours ago,1462558988525,"+Miyamoto Fan Well, Goku did bump on his head when he was a kid...",2
,,,,,,,,z12isjlgfpm5jjfty23xfbajgmeaflo0c.1462502478296728,Luke Nunya,15 hours ago,1462558988525,"+GameAndWatcher96 Milimeters is the standard in Japan as well. [And possibly China, though they also have an adaptation of the Imperial System.]",4
,,,,,,,,z12isjlgfpm5jjfty23xfbajgmeaflo0c.1462513772492160,ThisName DoesntMatter,12 hours ago,1462558988526,"well, it looked less than inches so i think even we would still say that, if not, then centimeters. but maybe that's just me.",0
z12qdby5vsfnhhvws04cixe43ovtcvyj1cw,Mr. J,16 hours ago,1462558985830,Goku faints around blood? Strange considering he's punched through people's chests,0,false,0,,,,,,
z13xtv4bvke0vzo4z04cip2rtousgd1q0sw0k,Jesse Nicoletta,16 hours ago,1462558985830,"Gohan, surgeons are doctors. They go through med school and they actually spend more time training before they can practice as a full fledged surgeon.",1,false,0,,,,,,
z12vdjeafledfvk4n04cdpgphyqruxd5144,mewkuro12,16 hours ago,1462558985831,Who else would just rather die than have goku work on them? Not a hard question to answer lols,0,false,0,,,,,,
z13rc1a4hu3bibw3u23bhdn5vxbhe3xbc04,Gohan Son,16 hours ago,1462558985831,well dad will never be a good doctor. oh well,7,true,7,,,,,,
,,,,,,,,z13rc1a4hu3bibw3u23bhdn5vxbhe3xbc04.1462507151174210,dudebladeX,14 hours ago,1462558988818,+Gohan Son That's why you use senzu beans,2
,,,,,,,,z13rc1a4hu3bibw3u23bhdn5vxbhe3xbc04.1462525685271471,asilva5021,9 hours ago,1462558988819,+dudebladeX for everythinh,0
,,,,,,,,z13rc1a4hu3bibw3u23bhdn5vxbhe3xbc04.1462526857403124,Songoku,8 hours ago,1462558988819,Im the best surgeon mmm cookie ðŸª,0
,,,,,,,,z13rc1a4hu3bibw3u23bhdn5vxbhe3xbc04.1462537502346497,Gohan Son,5 hours ago,1462558988820,+Songoku needles,0
,,,,,,,,z13rc1a4hu3bibw3u23bhdn5vxbhe3xbc04.1462537524592018,Gohan Son,5 hours ago,1462558988821,+dudebladeX I would but he was still passed out,0
,,,,,,,,z13rc1a4hu3bibw3u23bhdn5vxbhe3xbc04.1462537703886462,Songoku,5 hours ago,1462558988822,+Gohan Son AAAAAAAAAAAAA WHERE,0
,,,,,,,,z13rc1a4hu3bibw3u23bhdn5vxbhe3xbc04.1462537815127658,Gohan Son,5 hours ago,1462558988822,Are hero everyone...,0
z12cifjaix3ovxsia04cgj4jlyaauzfgp5g,Shane Edwards,16 hours ago,1462558985832,Super doctor god super doctor,1,true,1,,,,,,
,,,,,,,,z12cifjaix3ovxsia04cgj4jlyaauzfgp5g.1462519173764074,Skywolfhd20,11 hours ago,1462558989094,super doctor blue,0
z121s33xazqstlubz04cjptbyln4hbbomuc0k,BJGvideos,16 hours ago,1462558985833,These are so frustrating to watch.,0,false,0,,,,,,
z13kzxz5kkzjj3qtv22xhngp2yunv3v4m04,Alexander Cruz,16 hours ago,1462558985833,Now that Doctor Goku is canon my fanfiction will be noticed ðŸ‘â˜º,0,false,0,,,,,,
z134uh0qjmnrddbpg04ch14q0oqxcpe4cec,ChaoticEntity,16 hours ago,1462558985834,This is why we have dragon balls.,0,false,0,,,,,,
z13uixji2obofr1pz04chvdqqvncxbdgw2o,Jesse Davis,16 hours ago,1462558985834,"The better question is, who would trust Goku as a surgeon",0,false,0,,,,,,
z124wvcpflahwz2nq23yc5phts3zwpjvz,Cyril Smith VA,16 hours ago,1462558985835,That Mafia Impression though XD,49,true,2,,,,,,
,,,,,,,,z124wvcpflahwz2nq23yc5phts3zwpjvz.1462525642515726,asilva5021,9 hours ago,1462558989389,we need Goku to play Mafia 2 or the godfather lol,0
,,,,,,,,z124wvcpflahwz2nq23yc5phts3zwpjvz.1462544196844741,XxExtremeSamX,4 hours ago,1462558989390,+Cyril Smith VA 8:06 OMFG,0
z13ugv4p4qathzzji04cjdawpljdwxazr0g,OMEGAWOLF288GAMING,16 hours ago,1462558990223,need. more. goku vids xD,0,false,0,,,,,,
z12cxhh4prjkxrjwk04cgpcwevbmufiziks0k,Link USA,16 hours ago,1462558990224,I REALLY want to see someone animate these episode,0,false,0,,,,,,
z12xhjfzpxekdzl3222cz3ojlwfqyljo504,liam duczek,16 hours ago (edited),1462558990225,"could we have a gohan plays? maybe a game like mass effect, fallout new vegas or l.a noire where Gohan tries to reason with his foes...until he gets pissed off and murders everything.",29,true,3,,,,,,
,,,,,,,,z12xhjfzpxekdzl3222cz3ojlwfqyljo504.1462500087190056,MadEye_Zier,16 hours ago,1462558990505,+liam duczek I like this. I'd prefer L.A Noire. It could end with Chi-Chi finding out he didn't finish his studies (:,7
,,,,,,,,z12xhjfzpxekdzl3222cz3ojlwfqyljo504.1462505969819338,Timothy McLean,14 hours ago,1462558990506,+liam duczek He didn't handle that Kolechian scum's bombing very well...Mini Metro seems more his pace.,0
,,,,,,,,z12xhjfzpxekdzl3222cz3ojlwfqyljo504.1462525664485042,asilva5021,9 hours ago,1462558990506,+MadEye_Zier yes,0
z122t1z4xraddhb11225j5oydqq4xh0vx,Frost The Hobidon,16 hours ago,1462558990226,Goku mafia impression was funny,14,true,3,,,,,,
,,,,,,,,z122t1z4xraddhb11225j5oydqq4xh0vx.1462535978127200,TheNightmareReaper,6 hours ago,1462558990773,+Frost The Hobidon when was that?,0
,,,,,,,,z122t1z4xraddhb11225j5oydqq4xh0vx.1462536226484050,razija Rosic,6 hours ago,1462558990775,+TheNightmareReaper 8:09,0
,,,,,,,,z122t1z4xraddhb11225j5oydqq4xh0vx.1462551531547727,RashaantÃ© Hart,2 hours ago,1462558990776,Jeez Goku. U suck at surgery. Just go outside.,0
z13muxijfzzdtzbfa22zsdwqam2jufwpq04,Brandon Dollar,16 hours ago,1462558990227,Gohan is such a smartass. They grow up so fast.,0,true,1,,,,,,
,,,,,,,,z13muxijfzzdtzbfa22zsdwqam2jufwpq04.1462500386219552,Nagi Kama,16 hours ago,1462558991045,They kill their enemies in just a few more episodes.,0
z12xgdyqxmnmsxn01231djm5avnqwxl3o,Animeguy7856 Mote1978 Everette,16 hours ago,1462558990228,glad goku is not my doc 0_0,0,false,0,,,,,,
z12acr5aowbqdftv123zwhjjsrq3elefx,luigikid 777,16 hours ago,1462558990229,please play slender man,0,false,0,,,,,,
z133ubszwwmuh3h5c04cepxzgm2cepjpldo,Howie-Alice Jones,17 hours ago,1462558990230,high goku sounds like me when I wake up,1,true,1,,,,,,
,,,,,,,,z133ubszwwmuh3h5c04cepxzgm2cepjpldo.1462525443392205,Loganana,9 hours ago,1462558991278,Ur face is high laughs uncontrollably,0
z12ivvlbzouuyvbht04cgxep3xqaftgasrs0k,THE OFFICIAL TBONE2004,17 hours ago,1462558990232,"Green and purple?? OH GOD, MASKO!!! HAVE YOU SEEN DR. PICCOLO LATELY?!?? XD",0,false,0,,,,,,
z132vz4xoljvtpu2l23iydubipmwvxbii04,Darkmoon,17 hours ago,1462558990232,I wonder if Goku sees his own children as food.,0,false,0,,,,,,
z13mtr3x5sjnj354v04cgd0gnleuszxyqf0,darnell jackson,17 hours ago,1462558990233,Gofather Goku. If it was a series I would watch it.,0,false,0,,,,,,
z13nuj2aeqrti33z304cjbma2sfkvpz4o1g,YamiGekusu,17 hours ago,1462558990234,"By Goku's hammer, by the yellow circle in the sky, you shall be surgeoned!",0,false,0,,,,,,
z13fy1tinlzyib4en22rvpsa4kjzdhjyu04,WhiteWeaselGaming,17 hours ago,1462558990235,"Sees video thumbnail Yup, looks like this person is going to be a wish.",0,false,0,,,,,,
z13at1uauuyksxlr104chvtp3wvrdztxjl40k,ChillyBurgah,17 hours ago,1462558990236,Genius video. How LUNG did it take for you to make this?! Plz kill me,14,true,10,,,,,,
,,,,,,,,z13at1uauuyksxlr104chvtp3wvrdztxjl40k.1462501783658117,Sans The Skeleton,15 hours ago,1462558991658,Nice,0
,,,,,,,,z13at1uauuyksxlr104chvtp3wvrdztxjl40k.1462503655346075,ac02,15 hours ago,1462558991662,Sans The Skeleton approved this pun.,0
,,,,,,,,z13at1uauuyksxlr104chvtp3wvrdztxjl40k.1462504257668474,Jaden Curtis,15 hours ago,1462558991663,Took me a while to understand it for a spleen second. ðŸ˜† I'll let myself out.,0
,,,,,,,,z13at1uauuyksxlr104chvtp3wvrdztxjl40k.1462504530921728,ac02,15 hours ago,1462558991665,+Jaden Curtis bye son! :),0
,,,,,,,,z13at1uauuyksxlr104chvtp3wvrdztxjl40k.1462507547479190,Ivan Soriano,14 hours ago,1462558991666,ðŸ˜¨ðŸ”«ðŸ˜‹,1
,,,,,,,,z13at1uauuyksxlr104chvtp3wvrdztxjl40k.1462525384098079,julio lima,9 hours ago,1462558991669,Don't be like that you SPINELESS idiot.,0
,,,,,,,,z13at1uauuyksxlr104chvtp3wvrdztxjl40k.1462531791032639,alex michael,7 hours ago,1462558991669,nice one,0
,,,,,,,,z13at1uauuyksxlr104chvtp3wvrdztxjl40k.1462534299793819,TMonager High,6 hours ago,1462558991670,"+ChillyBurgah Man, that video was intestine...",0
,,,,,,,,z13at1uauuyksxlr104chvtp3wvrdztxjl40k.1462542780146511,ChillyBurgah,4 hours ago,1462558991672,"+ac02 You know, it seems weird that a skeleton approves of an organ joke... Especially Sans. He's an unorganized mess. But I guess he was always Bone to be wild.",0
,,,,,,,,z13at1uauuyksxlr104chvtp3wvrdztxjl40k.1462545243440058,ac02,3 hours ago,1462558991674,That puns tho!,0
z13mzhmbqmbhx5t5g04cdxeamnehtrljdec,Chaos Shenron,17 hours ago,1462558990236,I can't watch these videos I can't handle the retarded level it is over 9000,0,false,0,,,,,,
z12swxor4sbawfn4l04cedmo0o2azbji0tc0k,NÃ£o Tem NinguÃ©m,17 hours ago,1462558990237,"Oh God, he became Giygas in the end!",0,false,0,,,,,,
z13ew3bodpfwurddz234zdmovojpcx5js04,Baka Oniichan,17 hours ago,1462558990238,"I couldn't stop laughing because the new name that Goku gave the patient means boob in Spanish. Anyway, got a new subscriber dude.",0,false,0,,,,,,
z12jenn44ybwjryoc04ch1zzmtmueroozes,Jotanl,17 hours ago,1462558990240,Love the fact that they kept the reference that goku hates needles in DBZ,8,false,0,,,,,,
z13jvjui4qv4vjpx104cinq5pnyigfaopq40k,Barry Smith,17 hours ago,1462558990241,how to kill you're wife during surgery by Goku,0,false,0,,,,,,
z12gydaytmyitrdlt23zw1gbeyenwnran04,Jorge Hernandez,17 hours ago,1462558990241,just use snezu bean,0,false,0,,,,,,
z13mdbkzfpvqxlu5304cedoihz3nv14gzzg0k,IPsycho Doodle,17 hours ago,1462558990242,dr goku: still better than dr gero. why? Well goku is still alive!,0,false,0,,,,,,
z13svnj41lyosllem23ghxtjplr2cnjtd,Miguel Melo,17 hours ago,1462558990244,No Rib joke? Disapointing! :),0,false,0,,,,,,
z13vjfkxqrf2f5zkw224tne4huele1mgv04,Marcus Hunt,17 hours ago,1462558990244,That mafia impression was hilarious,0,false,0,,,,,,
z13swji54saqtxsej22tenqgyoiaedgka,Christian Regalado,17 hours ago,1462558990246,huh.....never would've figured goku to be a Godfather fan.,5,true,1,,,,,,
,,,,,,,,z13swji54saqtxsej22tenqgyoiaedgka.1462499992282605,Nagi Kama,16 hours ago,1462558991933,Though he is a Grandfather Pan.,4
z122xv1ydmfgsbgtw22hsbhw5ubkhdqug,Dylan Vermillion,17 hours ago,1462558990247,"Hope you packed your bags Goku, because you're going on a trip.",8,true,2,,,,,,
,,,,,,,,z122xv1ydmfgsbgtw22hsbhw5ubkhdqug.1462525564591640,Sylvester Bukhave EdstrÃ¶m,9 hours ago,1462558992184,"I tried to scroll past this, but goddammit, I couldn't! XD",0
,,,,,,,,z122xv1ydmfgsbgtw22hsbhw5ubkhdqug.1462552576054175,Captain Cuddles,1 hour ago,1462558992185,"+Dylan Vermillion On our favorite rocket ship, zooming through the sky. Little Einsteins.",0
z13wsvtbeoreyhfey22id31xxpj0hhei404,xzenitramx666,17 hours ago,1462558990247,actually Dr goku is a thing.,1,false,0,,,,,,
z12rzl1ycsvksnrf223yfdtwbz2djrrqx04,Pug's Quest,17 hours ago,1462558990249,It's like Lui Calibre when he voiced 2 characters at the same time while playing GTA :P,0,false,0,,,,,,
z131zxop4pyrgt5sb22zwhkw0mq1jbcw504,IceDemon625,17 hours ago,1462558990249,I'm surprised Goku even knows what a lung is,0,true,1,,,,,,
,,,,,,,,z131zxop4pyrgt5sb22zwhkw0mq1jbcw504.1462497534233683,Shashank Gupta,17 hours ago,1462558992421,I'm surprised he knows what a hammer is.,0
z133hhzybv3kul31123bvriyzpzeybvqb04,Tiger Warrior,17 hours ago,1462558990250,Okay... Vegeta as a Surgeon... bad idea... Goku as a Surgeon... VERY bad idea... just Saiyan.,0,false,0,,,,,,
z13iv1qy4mautrcwj04ccx155vryuhhbjjg,Slapperfish,17 hours ago,1462558990252,"Forgive me for being out of the loop on this, but is the whole premise of this series just Goku being late to the trendy video game bandwagon? >_>",0,true,1,,,,,,
,,,,,,,,z13iv1qy4mautrcwj04ccx155vryuhhbjjg.1462501166404750,kyle wolman,16 hours ago,1462558992657,No just him being an idiot,0
z133fn4pkkyxv5p5i04cd1bpxquztrazcu00k,TheOmegaDragon,17 hours ago,1462558990252,Surgical Operation failed might as well gather the 7 Dragonballs and wish the patient back to life,0,false,0,,,,,,
z13uy32rhoefsz0gb04cjv0hbrrdc514u0w,shadowrex03,17 hours ago,1462558990254,this was the first time they had to use the dragon balls to bring back Chichi,0,false,0,,,,,,
z13bzvkiwomzflubr04ce5cjqzusvdzhhmw0k,Josh Leighton,17 hours ago,1462558990254,I swear I've watched every ggsy and rfl this is the funniest by far lolol I swear lol I mean there's funny ones by far but this was cool and funny,0,false,0,,,,,,
z12lzbgzzqyixx2ps04cdf1orminfd5yg44,SSJGod Ballzy,17 hours ago,1462558990255,Lmao I'm speechless right now ðŸ˜‚ðŸ˜‚ðŸ˜‚ðŸ˜‚ðŸ˜‚,0,false,0,,,,,,
z12xivabsyecclhyr04cdj3qpne0sjzgy5w,Son Goku,17 hours ago,1462558990256,Doct-u Gok-u is in the building!!!,0,false,0,,,,,,
z130whkojtrod3kcz22udtjxqsjniti5504,DrTranReincarnated,17 hours ago,1462558990257,It looks like Goku has surpassed Vegeta again. In the entertainment.,0,false,0,,,,,,
z12gipkhbtbchjm5z04cgvaybxuiy3xg40c,DeathDragon14,17 hours ago,1462558990258,"""You gotta want to hear it, Gohan!"" ""And I want you to be a better father!"" Damn! Gohan's a savage!",26,true,1,,,,,,
,,,,,,,,z12gipkhbtbchjm5z04cgvaybxuiy3xg40c.1462498821659121,joshua Paul,16 hours ago,1462558992925,+DeathDragon14 I'd say the real savage is the motion after that.,2
z13sftdynpeiwz55w04cerj5uv21htuamc4,Dragon Ball Gap,17 hours ago,1462558990259,yass goku the surgeon,0,false,0,,,,,,
z13eg5rwjqerebu5w04cgxfqmsm3hhljkm40k,FRILLED*OBSIDIAN,17 hours ago,1462558990260,Goku's Gonna Show You.....Super Smash Bros 64,0,true,2,,,,,,
,,,,,,,,z13eg5rwjqerebu5w04cgxfqmsm3hhljkm40k.1462495427495769,22kingdomheartsfan,17 hours ago,1462558993196,+FRILLED*OBSIDIAN Goku! He's Gonna Show You! Goku: Super Smash Bros! Shows the title Goku: This is it! Time to fight the best the universe has to offer! Starts looking though characters Goku: Aw.... I'm not in here. But I want to- Sees Yoshi HEY! WHY IS PICCOLO HERE BUT I'M NOT!,3
,,,,,,,,z13eg5rwjqerebu5w04cgxfqmsm3hhljkm40k.1462528530641102,FRILLED*OBSIDIAN,8 hours ago,1462558993198,+22kingdomheartsfan Lol,0
z12cffbh1liicljgj04cg5th2likzrzzv1w,MrMarkisser,17 hours ago,1462558990262,I miss Piccolo plays,0,false,0,,,,,,
z13dufsphrygdrvet23ttl2b0orwj5eyn04,Jose Osuna,17 hours ago,1462558990263,Dr.Goku already exists its a mexican comedy :v,0,false,0,,,,,,
z12pxfbyeyn5clgm322bsttqoqjwwf0om04,Sarahi Paulino,17 hours ago,1462558990264,"""So Let's take a look. Eghhh...faint"" "" Dad you okay?"" ""Yeaahh..."" I'm dying XD",13,false,0,,,,,,
z12wcjlbivvttlynu231svzawk3vtl5ht04,kewbewm,17 hours ago,1462558990265,"San Giygas, please.",2,false,0,,,,,,
z12jf3kzmvukftfqw04cervxwwz1inoachs,DELTAJM0310,17 hours ago,1462558990266,"""Get out of here watch, you time is passed"" Somewhere Vegeta is sighing heavily",0,false,0,,,,,,
z13zdb2biyimzrgz404cfvz4ltqpyryque0,BHD forPrez2020,17 hours ago,1462558990267,Gohan roasted Goku this episode,0,false,0,,,,,,
z13cu5qj2svevptjv04cfvz4ltqpyryque0,BHD forPrez2020,17 hours ago,1462558990268,Gohan roasted Goku this episode,2,false,0,,,,,,
z12yjbkp5wrrsnm1p23bhx0zpozltrl23,Shiny Piece,17 hours ago,1462558990268,Why do we need sensu beans when we've got Goku-kun?,3,false,0,,,,,,
z122jvzqgpe5era5w04chpqxfqybwjrhahw,Metazeos,17 hours ago,1462558990270,"I'd like to see gohan and goku play together, call it 1 and 1/2 saiyans play",1,true,5,,,,,,
,,,,,,,,z122jvzqgpe5era5w04chpqxfqybwjrhahw.1462495460657774,rayquaza000,17 hours ago,1462558993474,vegeta can join and they could call it 2 and a 1/2 sayians,0
,,,,,,,,z122jvzqgpe5era5w04chpqxfqybwjrhahw.1462496103075551,William Gregor,17 hours ago,1462558993476,+Metazeos And MasakoX would literally be playing with himself.,1
,,,,,,,,z122jvzqgpe5era5w04chpqxfqybwjrhahw.1462503897296481,Nicholas Peterman,15 hours ago,1462558993477,+William Gregor Lani is Vegeta.,0
,,,,,,,,z122jvzqgpe5era5w04chpqxfqybwjrhahw.1462508487117136,William Gregor,14 hours ago,1462558993478,It was a response to the original poster. I know that.,0
,,,,,,,,z122jvzqgpe5era5w04chpqxfqybwjrhahw.1462546594649228,Nicholas Peterman,3 hours ago,1462558993479,"+William Gregor Oh, don't mind me then. I was on my tablet so the name you were responding to didn't show up.",0
z13affyz2xnchbutm23ct5eo0ljcvrqed,Wolf Joseph (the wolf of the internet),17 hours ago,1462558990270,do we have the dragonballs ready to bring chichi back?,0,false,0,,,,,,
z12lshwiwrejir5pt04cj5aadoaiip3o0do,rigger92,17 hours ago,1462558990271,8:08 best unsuspecting part,0,false,0,,,,,,
z13yg3sjolfbdnxv422hxfu5lx3phxhr504,sheldon swain,17 hours ago,1462558994427,Oh man...just saw this and before clicking I know Goku is gonna show you ...a lot of blood and gore.,2,false,0,,,,,,
z13sj1izzw2aglfj104cgx455ojnsj5gv5w,freakyskull516,17 hours ago,1462558994429,GOKU! HE'S GONNA SHOW YOU!... the death of Chichi.,0,false,0,,,,,,
z13dgxt5bprqdxkgs04cjbyhcm3bvplgcds,Lucas M,17 hours ago,1462558994458,Goku had more character development in this than the entire cell and buu sagas.,47,true,3,,,,,,
,,,,,,,,z13dgxt5bprqdxkgs04cjbyhcm3bvplgcds.1462501632836244,Sans The Skeleton,15 hours ago,1462558994812,Goku has zero character development,0
,,,,,,,,z13dgxt5bprqdxkgs04cjbyhcm3bvplgcds.1462502080720392,Catorak,15 hours ago,1462558994813,+Sans The Skeleton I mean... he does. Like tons. But alrighty.,0
,,,,,,,,z13dgxt5bprqdxkgs04cjbyhcm3bvplgcds.1462502753363847,FancyKerbloops,15 hours ago,1462558994814,"+Catorak On a scale of 0-100 whimsy. 50 being average. He starts at about a 90. And slowly gets diminished to about a 70. Other than that, uhh. Not sure what you're referring to.",0
z13nft4brsuoxhvhj04cjb3yluzifxkws1w,Takeru Takaishi,17 hours ago,1462558994459,Another reason Goten won't be born. Chi-Chi's dead and I'm not sure if Shenron or Porunga can fix this mess.,31,true,7,,,,,,
,,,,,,,,z13nft4brsuoxhvhj04cjb3yluzifxkws1w.1462500190047927,Lycoon,16 hours ago,1462558995134,+Takeru Takaishi It's not that they can't fix it they probably just don't want to lol,1
,,,,,,,,z13nft4brsuoxhvhj04cjb3yluzifxkws1w.1462500325480188,Jose Sanchez,16 hours ago,1462558995134,Paging doctor Shenron.,5
,,,,,,,,z13nft4brsuoxhvhj04cjb3yluzifxkws1w.1462500814300525,Geoff B,16 hours ago,1462558995136,+Lycoon They're the universe's oldest internet trolls. They just play for higher stakes!,0
,,,,,,,,z13nft4brsuoxhvhj04cjb3yluzifxkws1w.1462507439538031,ragyo kyriuin,14 hours ago,1462558995136,both,0
,,,,,,,,z13nft4brsuoxhvhj04cjb3yluzifxkws1w.1462508584695924,Mekai Rodriquez,14 hours ago,1462558995137,goku got hit in the nuts in the movie,0
,,,,,,,,z13nft4brsuoxhvhj04cjb3yluzifxkws1w.1462520894448701,Wal Man,10 hours ago,1462558995138,"+Mekai Rodriquez Actually, Senzu Beans healed his nutz up good X)",0
,,,,,,,,z13nft4brsuoxhvhj04cjb3yluzifxkws1w.1462540518011177,Jello Cupcake,5 hours ago,1462558995139,What about the dragon god,0
z13xu1y44rrzhn30r225e1jostf5cnok4,Awesomefacecraft,17 hours ago,1462558994460,I love that Gohan is getting so involved in the games,0,false,0,,,,,,
z134hjfofmiexplnh23tsl35ywm4wtu0v,Alexis Nicholas,17 hours ago,1462558994462,"""I did a naughty"" xD I'm dying",1,false,0,,,,,,
z122exki2n2ox5jak04cdtsrovqlgljz0o00k,Caleb green,17 hours ago,1462558994462,Goku use the muffin button agin,0,false,0,,,,,,
z13rtr5pskfrjl2cv225gj5ohqztip33q,Spyro Fan,17 hours ago,1462558994464,Goku's better cut out for Trauma Centre,0,false,0,,,,,,
z13jxbfgzyfbt12g504cgxogjm3uuhtaqrw0k,Z-Nitro,18 hours ago (edited),1462558994464,"""I can become a doctor, DOCTOR GOKU CAN BE A THING!"" ... The needle says otherwise.",5,false,0,,,,,,
z13afzqgit20ipmgb04cizmgrxfcybqw0pw0k,Blaze E Blake,18 hours ago,1462558994465,"Goku as a surgeon is... Hilariously terrifying. ""Dr. Goku!"" horses whinny in terror at the same time as a laugh track starts up",6,false,0,,,,,,
z12ky12ipzvazxm0f22qc5cheo3zz5epy04,Cole Miller,18 hours ago,1462558994466,do skyrim Goku,0,false,0,,,,,,
z135cfuxxxajvb0ot04ce5wjyxbzc5pqvew,TheSmashMaster9000,18 hours ago,1462558994467,Goku's is weak around blood......... go figure.,18,true,1,,,,,,
,,,,,,,,z135cfuxxxajvb0ot04ce5wjyxbzc5pqvew.1462499948076189,Nick Castell,16 hours ago,1462558995345,Imagine when him and vegeta go inside buu's body in the abridged series lol,1
z13xfppyky35inffk220uv4amkeacjzjy04,MrVlogWatcher,18 hours ago,1462558994468,Oh god... this is just..... Amazing.,0,false,0,,,,,,
z13kfvkjkq2xvb5zl04cclxjpwrnhdipn5s,Penguin101tops,18 hours ago,1462558994469,Goku and Vegeta should play this together. :D,0,false,0,,,,,,
z13ksntyllj4ilq2r23uwzghyzewxfgt1,Wolfangel23,18 hours ago,1462558994470,He said Mafier,0,false,0,,,,,,
z13ysbwrqwzcwdpxo04cgtyq5meywzqhpuo0k,FancyKerbloops,18 hours ago,1462558994471,Dr. Steve Brule vs Dr. Goku. Hmmm.,1,false,0,,,,,,
z125tp4inzb4d3xmt22zvfcyvsq1in0xj04,Javonte Dudley,18 hours ago,1462558994472,1:12 Wow Goku's just wow,0,false,0,,,,,,
z12jfl2yjzmidpvdn22pjhwxplbhvfl3z,abridgedfan100,18 hours ago,1462558994474,"Gohan should play this game, given he's actually studied medical science.",0,false,0,,,,,,
z13ve1izzk23j5dcb22wgd3zyv2zydcdf,Eric Brod,18 hours ago,1462558994474,Hi Doctor goku,1,false,0,,,,,,
z130ghjrwkjju1ifk23kehkgnryvc3pbv04,Merlewhitefire,18 hours ago,1462558994476,"""The Sawr is stuck"" Masak- err, Goku's British is showing V:",14,false,0,,,,,,
z13djbh5rvfzdb2mk23eidlbati0cj1sr,JHShadon133,18 hours ago,1462558994477,Hopefully Nurse Krillin is ready to give out those Sensu Beans.,0,false,0,,,,,,
z12wzncr4l3azjhnj22ucf2y5yabfnuqk04,Boruto â€œLion Cubâ€ Uzumaki,18 hours ago,1462558994478,Goku's mafia impression is A-1,0,false,0,,,,,,
z12hshqi5tyhjtmpx04ce3mj1sirjjkihzo0k,Groisu,18 hours ago,1462558994479,goku had too much of the drugs and is now using British mannerisms,3,false,0,,,,,,
z13rttgjvyyzenpcw23zzhagmvfpv3a0l,SloththeChaos666,18 hours ago,1462558994480,before video plays This can only end well,0,false,0,,,,,,
z13od3sbapiegxc3m23evbtx1njzh3a0s,Lester Buccat,18 hours ago,1462558994481,R.I.P. Bob also known as Chi-Chi.,0,true,1,,,,,,
,,,,,,,,z13od3sbapiegxc3m23evbtx1njzh3a0s.1462502088811672,Jaden Curtis,15 hours ago,1462558995570,But... It was going so well. ðŸ˜¢,0
z121hxjh3pazgbgf122bslm4jwzrdtw2b,Devin Pigliavento,18 hours ago,1462558994483,Goku... don't be a doctor or a surgeon. Or else ðŸ˜ðŸ”«,0,false,0,,,,,,
z12dzv1ajvmgejbqq04cchwj3sbqurua11s,Sean G,18 hours ago,1462558994484,"""Floppy flop flop out by the river and tastes good with chips."" yeah... Like 25 people just called their genitals Mr. Sturgeon.",0,false,0,,,,,,
z13lzfa4tobzstmeg22nubajvyfbhnp2h,Succle de Fuccle,18 hours ago,1462558994485,"I was waiting for him to react to the needles, lmao.",2,false,0,,,,,,
z12rs5vjspiihdtwq04ch5ahwqi5gxhrpaw,Funky Pirate,18 hours ago,1462558994486,the thought of goku becoming a doctor........yeah it won't end well lol,0,true,1,,,,,,
,,,,,,,,z12rs5vjspiihdtwq04ch5ahwqi5gxhrpaw.1462494416888793,Brandon Everett,17 hours ago,1462558995812,"If it was medieval times he would be the best. ""I scrapped my leg"". Gonna have to blow your leg off. Sorry.",0
z12putcqsvubt5kjp04cerngvuuwgharbng0k,smallie BIGS,18 hours ago,1462558994488,lol needles throwback,0,false,0,,,,,,
z12ewfqo5tqgyvd2q22ycnmimyu4hncz004,Jinx The Babe Cannon,18 hours ago,1462558994489,He's a Super Surgeon God Super Surgeon,36,true,6,,,,,,
,,,,,,,,z12ewfqo5tqgyvd2q22ycnmimyu4hncz004.1462494348213581,Zach Darko,17 hours ago,1462558996084,this shit made me laugh so hard,0
,,,,,,,,z12ewfqo5tqgyvd2q22ycnmimyu4hncz004.1462494592952462,rayquaza000,17 hours ago,1462558996085,or Super Surgeon Blue,4
,,,,,,,,z12ewfqo5tqgyvd2q22ycnmimyu4hncz004.1462495057310714,David,17 hours ago,1462558996086,+Jinx The Babe Cannon The Legendary super surgeon,0
,,,,,,,,z12ewfqo5tqgyvd2q22ycnmimyu4hncz004.1462495998642782,BalancedSpirit79,17 hours ago,1462558996088,So much win. :),1
,,,,,,,,z12ewfqo5tqgyvd2q22ycnmimyu4hncz004.1462501893784096,Jaden Curtis,15 hours ago,1462558996088,Super Suregdwich!,0
,,,,,,,,z12ewfqo5tqgyvd2q22ycnmimyu4hncz004.1462502531223457,Luke Nunya,15 hours ago,1462558996089,+Jaden Curtis Super Sturgeon Blue,0
z13jsr3okmbnfzfap04cgr0r4rbewpawtrw0k,Masuo15,18 hours ago,1462558994489,"I knew something like this HAS to happend...on Mexico, there was a youtube channel called ""Dr. Goku"", a parody about Goku's life after the events on DBZ, answering dumb questions from ""people"", having cross conversations with Boo, Nappa, Vegeta and others (the ones that were dead like Boo and Nappa were boardcasting live from hell XD). Finally a Dr. Goku...feels like Dr. Goku is back :D",0,false,0,,,,,,
z13belthylioflkor04cfz0oqunuft5prtw0k,Over9000DragonFire,18 hours ago,1462558994491,0:16 Now Goku i know even you aren't that stupid give her a friken Senzu bean,2,false,0,,,,,,
z12jcp5hvmjmybxcn22ktrpi3qyue15qb04,Bardock,18 hours ago,1462558994491,wow.... even Vegeta succeeded in Heart Surgery and you couldn't.... Victory for Vegeta!!!!!,3,true,2,,,,,,
,,,,,,,,z12jcp5hvmjmybxcn22ktrpi3qyue15qb04.1462494342070201,Penguin101tops,17 hours ago,1462558996327,Said by Goku's own father! ðŸ˜‚,1
,,,,,,,,z12jcp5hvmjmybxcn22ktrpi3qyue15qb04.1462494576714907,Takeru Takaishi,17 hours ago,1462558996328,+Penguin101tops Even Bardock can admit when his son is an idiot.,1
z13eerq5kofstty13232trgoxrryuj2jc04,cody thedragondude,18 hours ago,1462558994493,bob cornhole,0,false,0,,,,,,
z12lg3vr3qathbwv0232u1oijsn3yjktl,Frost â€œno1wisekittyâ€ kitty,18 hours ago,1462558994494,goku understands what out of bounds means? iam surprised to here him say that :),0,false,0,,,,,,
z12ee3bp0pyjytsxu04ce1nrhn3velqz2sw0k,ThePikachuvirus,18 hours ago,1462558994494,Super Doctor God Super Doctor~,29,true,5,,,,,,
,,,,,,,,z12ee3bp0pyjytsxu04ce1nrhn3velqz2sw0k.1462493731377428,Break Salaz,18 hours ago,1462558996624,super doctor blue,11
,,,,,,,,z12ee3bp0pyjytsxu04ce1nrhn3velqz2sw0k.1462495742975193,A.S. MC,17 hours ago,1462558996625,Super Surgeon God Super Surgeon.,2
,,,,,,,,z12ee3bp0pyjytsxu04ce1nrhn3velqz2sw0k.1462497412243388,ShadowRaven790,17 hours ago,1462558996626,That would be Dr Who lol,1
,,,,,,,,z12ee3bp0pyjytsxu04ce1nrhn3velqz2sw0k.1462497563524787,Jack Knox,17 hours ago,1462558996627,+ShadowRaven790 Whatcha gonna do? Dr Goku.,0
,,,,,,,,z12ee3bp0pyjytsxu04ce1nrhn3velqz2sw0k.1462499004052968,Outlaw7263,16 hours ago,1462558996628,wait goku has a medical license? RUN FOR YOUR LIVES!!!! THE END US NEIGH!!!!!!,0
z12mt3mbqxiqwbltu230tf2gcnaqt5hxp04,The FalloutDragon,18 hours ago,1462558994496,So funny goku ate chi chis organs,1,false,0,,,,,,
z13hvnwb2wjksn3yw04cjpfpcuyvufsqwp40k,Martin9172,18 hours ago,1462558994496,Gohan has NO chill,0,false,0,,,,,,
z12mvds5czb4tfvoy04cen0zktipsx0jyig,r4gnao,18 hours ago,1462558994498,Gohan makes these so much better,0,false,0,,,,,,
z13lwfgbgse1h11h004cdb2i3tfqh1rbiwc0k,matt w,18 hours ago,1462558994499,Docter Goku .. oh man i would want him to be my surgeon my organs would go all over the place,0,false,0,,,,,,
z12ndbbatzn5ef0ff23qgdnhjnm5x5nkt,Jake Theberge,18 hours ago,1462558994500,Haven't finished but I predict a visit from Doctor Shenron.,11,true,1,,,,,,
,,,,,,,,z12ndbbatzn5ef0ff23qgdnhjnm5x5nkt.1462495038027149,Natalie Herbertz,17 hours ago,1462558996900,ðŸ˜€,0
z12ixhcaiym5gfb4l04ccxvrwuqqh5fieg0,Wargreymon 11,18 hours ago,1462558994501,Dr. Goku is the most qualified doctor ever,0,false,0,,,,,,
z133zvbqzxyhs3ffz22bixzappndevmn0,Wargreymon 11,18 hours ago,1462558994502,Ha,0,false,0,,,,,,
z12udpgp5myizfyyn04cjxtwrkzkudagbvg0k,pc master race,18 hours ago,1462558994503,Tim,0,false,0,,,,,,
z123vddpzzmqwbhry04cdtdipkb4fnazc14,Mr. Edwards (Brandon Edwards),18 hours ago,1462558994504,so when are we gonna get more gameplay of senran kagura?,0,false,0,,,,,,
z13kw1jbjlfggx5r204cf3fpuru1xpvyiuo0k,SuperJonnyMario,18 hours ago,1462558994505,Bob disliked this video.,2,true,2,,,,,,
,,,,,,,,z13kw1jbjlfggx5r204cf3fpuru1xpvyiuo0k.1462493497799497,Groisu,18 hours ago,1462558997163,silly jony Mario her name is chichi,0
,,,,,,,,z13kw1jbjlfggx5r204cf3fpuru1xpvyiuo0k.1462493633851247,SuperJonnyMario,18 hours ago,1462558997164,+Groisu Even more of a reason to dislike it.,0
z13wfrx5qu3attopf04ci55aetrsy5khwf4,Israel Molina,18 hours ago,1462558994506,in head cannon this is all happening in the hyperbolic time chamber,1,true,1,,,,,,
,,,,,,,,z13wfrx5qu3attopf04ci55aetrsy5khwf4.1462498407382116,Tomato Overlord,16 hours ago,1462558997388,"+Israel Molina Doesn't explain how Chi-Chi was in the Huniecam episode, but good idea!",0
z13nvfyxypreixey104cirsakx3adpkr5hk,Dom Pesavento,18 hours ago,1462558994507,I love how done Gohan is.,0,false,0,,,,,,
z13cyllrnmvfspxib04cgnhgcobfzfnavuc0k,Super Goklimar P.S im captain olimar,18 hours ago,1462558994508,Hi GOKU and teamfourstargaming!,0,false,0,,,,,,
z13axzgreq3nspssb221vxgx0lyftpac1,KaaCroy,18 hours ago,1462558999764,this is where I belong. Goku pls,0,false,0,,,,,,
z12fd5jiwp3hvhb3123xg3v4un30iptzw04,Bret Ginn,18 hours ago,1462558999765,Goku should be surgeon general of the world. He's very clearly the best the world has to offer.,41,true,23,,,,,,
,,,,,,,,z12fd5jiwp3hvhb3123xg3v4un30iptzw04.1462493367635434,Narylove,18 hours ago,1462559000125,Clearly,1
,,,,,,,,z12fd5jiwp3hvhb3123xg3v4un30iptzw04.1462494124158941,Madeforfavoriting,18 hours ago (edited),1462559000126,+Bret Ginn Surgeon General's Warning: Muffins have absolutely no negative impacts. Eat more muffins.,1
,,,,,,,,z12fd5jiwp3hvhb3123xg3v4un30iptzw04.1462494863626661,Bret Ginn,17 hours ago,1462559000126,+Madeforfavoriting Surgeon General's Warning PS: Except if you're Yamcha. They do not deserve muffins.,0
,,,,,,,,z12fd5jiwp3hvhb3123xg3v4un30iptzw04.1462495200026449,Mr. Pokirby,17 hours ago (edited),1462559000128,+Bret Ginn Both Goku and Gohan would be great surgeons. They're both really good at getting rid of deadly 'Cells'.,1
,,,,,,,,z12fd5jiwp3hvhb3123xg3v4un30iptzw04.1462495741200777,destuction ninja,17 hours ago,1462559000130,eat more muffins,0
,,,,,,,,z12fd5jiwp3hvhb3123xg3v4un30iptzw04.1462495839103846,Shawn Keiser,17 hours ago,1462559000131,What about the NEEDLES?!?!?,0
,,,,,,,,z12fd5jiwp3hvhb3123xg3v4un30iptzw04.1462495869225604,Cmckerracher,17 hours ago,1462559000133,+Mr. Pokirby BOOOOOO! throws a tomato,0
,,,,,,,,z12fd5jiwp3hvhb3123xg3v4un30iptzw04.1462495954877334,Mr. Pokirby,17 hours ago,1462559000134,"+Cmckerracher Thank you, thank you. I appreciate your applause.",0
,,,,,,,,z12fd5jiwp3hvhb3123xg3v4un30iptzw04.1462496065303290,Bret Ginn,17 hours ago,1462559000135,"+Cmckerracher Don't you mean ""BUUUUUUUUUU!"" Oh, wait, we haven't reached that part yet.",0
,,,,,,,,z12fd5jiwp3hvhb3123xg3v4un30iptzw04.1462496327973439,Bret Ginn,17 hours ago,1462559000137,+Mr. Pokirby I approve of that pun. Good job pungineering.,1
,,,,,,,,z12fd5jiwp3hvhb3123xg3v4un30iptzw04.1462497687999396,Extremely Photogenic Engineer,17 hours ago,1462559000138,+Madeforfavoriting *Bacon has absolutely no negative impacts. Eat more Bacon. :3,0
,,,,,,,,z12fd5jiwp3hvhb3123xg3v4un30iptzw04.1462498003547576,Madeforfavoriting,16 hours ago,1462559000139,+Extremely Photogenic Engineer Food the Supreme Kai of Time makes has all the negative impacts. Don't eat that.,0
,,,,,,,,z12fd5jiwp3hvhb3123xg3v4un30iptzw04.1462498562999362,Mr. Pokirby,16 hours ago (edited),1462559000140,+Madeforfavoriting Question: Would Shenron be able to grant the Supreme Kai of Time the ability to cook non-toxic food?,0
,,,,,,,,z12fd5jiwp3hvhb3123xg3v4un30iptzw04.1462498749833501,Madeforfavoriting,16 hours ago,1462559000141,+Mr. Pokirby I feel like that's the kind of wish that would make the Shadow Dragons happen.,0
,,,,,,,,z12fd5jiwp3hvhb3123xg3v4un30iptzw04.1462499869608393,Nagi Kama,16 hours ago,1462559000142,You could say he is theâ€¦ World's Strongest,0
,,,,,,,,z12fd5jiwp3hvhb3123xg3v4un30iptzw04.1462500049297665,Bret Ginn,16 hours ago,1462559000142,+Mr. Pokirbyâ€‹ That's about as likely as making Nappa smart or Krillin not getting owned. It might as well be impossible.,0
,,,,,,,,z12fd5jiwp3hvhb3123xg3v4un30iptzw04.1462500393034760,Mr. Pokirby,16 hours ago,1462559000143,+Bret Ginn You make a compelling point.,0
,,,,,,,,z12fd5jiwp3hvhb3123xg3v4un30iptzw04.1462503823214700,Naku Mun,15 hours ago,1462559000144,+Bret Ginn How many people judge you on this CLEARLY HENTAI profile picture a day?,0
,,,,,,,,z12fd5jiwp3hvhb3123xg3v4un30iptzw04.1462507152496598,Son Gohan,14 hours ago,1462559000145,Fighting wise well accept for beerus whis and champa,0
,,,,,,,,z12fd5jiwp3hvhb3123xg3v4un30iptzw04.1462512093056412,Jordan Douglas,13 hours ago,1462559000146,+Naku Mun considering it looks like ruby and I think she's underage... and the only people around her are probably old enough to push them into the older age bracket...,0
,,,,,,,,z12fd5jiwp3hvhb3123xg3v4un30iptzw04.1462515585615617,Bret Ginn,12 hours ago,1462559000147,+Naku Mun Surprisingly few. I'm just as surprised as you are. Only like one or two people a day.,0
,,,,,,,,z12fd5jiwp3hvhb3123xg3v4un30iptzw04.1462530592768755,Jordan Douglas,7 hours ago,1462559000148,+Bret Ginn goddamnit,0
,,,,,,,,z12fd5jiwp3hvhb3123xg3v4un30iptzw04.1462548620779141,RiderManX0,2 hours ago,1462559000148,+ Bret Ginn I feel a lot safer knowing Dr.Goku is on the case,0
z120ilpohzzfspxzm04cdd555tezz5wr2ug0k,Sci-Fi Fiend,18 hours ago,1462558999766,For anyone who thinks a drunk doctor is the worst surgeon: here is my rebuttal,15,false,0,,,,,,
z12tsvei5zqsdb52n23zzf4xzoy4ibfbo04,Zushi0,18 hours ago,1462558999767,oh. new.,0,false,0,,,,,,
z12shzbyumjdwvzav04cd13hmoahdnbxazk0k,diamond miner53,18 hours ago,1462558999769,7th,0,false,0,,,,,,
z12qdbgqgxiiwtmpt04cfbej4qisvpra1p40k,DAVID satekid,18 hours ago,1462558999771,I was like #3 I'm the bronze medal....,0,false,0,,,,,,
z12qwdex1zbkgpgrf04ccdogupvdt14or0g,Victor Fang,18 hours ago,1462558999772,pie,2,true,5,,,,,,
,,,,,,,,z12qwdex1zbkgpgrf04ccdogupvdt14or0g.1462493524092870,Fangdragon,18 hours ago,1462559000378,Hey look another Fang XD,0
,,,,,,,,z12qwdex1zbkgpgrf04ccdogupvdt14or0g.1462493552334841,Victor Fang,18 hours ago,1462559000379,+Fangdragon hello person,0
,,,,,,,,z12qwdex1zbkgpgrf04ccdogupvdt14or0g.1462494380840052,Fangdragon,17 hours ago,1462559000380,+Victor Fang sup,0
,,,,,,,,z12qwdex1zbkgpgrf04ccdogupvdt14or0g.1462494406607081,Fangdragon,17 hours ago,1462559000381,+Victor Fang nice channel btw,0
,,,,,,,,z12qwdex1zbkgpgrf04ccdogupvdt14or0g.1462494421045838,Victor Fang,17 hours ago,1462559000382,+Fangdragon thanks,0
z12rztlrylu1db1em23punjwjv2tyt4pp04,Warden Wing,18 hours ago,1462558999773,Holy shit Im in the double digits!,0,false,0,,,,,,
z12lzpogfmyjvh3zs04cdh3ojqrfzzijwqk0k,Josh Adegbulugbe,18 hours ago (edited),1462558999774,I'm surprised that he didn't try to eat the person's organs Edit:Nevermind,1,true,1,,,,,,
,,,,,,,,z12lzpogfmyjvh3zs04cdh3ojqrfzzijwqk0k.1462492948582862,Victor Fang,18 hours ago,1462559000679,ikr he might have thought it was food.,0
z12fj32iinrqfhalx22kub2ark3dchslp,Freedom Flyer,18 hours ago,1462558999775,first,0,true,1,,,,,,
,,,,,,,,z12fj32iinrqfhalx22kub2ark3dchslp.1462492951313362,Jeavano Flora,18 hours ago,1462559000951,bitch shut up,0